,Step,Entropy
0,0,1.1095064745012755
1,1,0.9691681833128348
2,2,0.8171891537057748
3,3,0.6902911359515098
4,4,0.5772403141651772
