,Step,MI Across Horizon
0,0,0.38706141794260346
1,1,0.4640759164557952
2,2,0.633661798189608
3,3,0.627930975412978
4,4,0.48050511152005293
